Libcell,Min_Delay,Avg_Delay,Max_Delay
XOR2_X4TN_A9PP84TL_C16,0.014,0.014,0.014
BUFH_X14N_A9PP84TSL_C14,0.009,0.012928355196770868,0.018
NAND2_X3N_A9PP84TL_C14,0.016,0.016,0.016
AOI21B_X1N_A9PP84TSL_C14,0.014,0.021636363636363634,0.031
NAND4_X4N_A9PP84TSL_C14,0.012,0.01413213703099517,0.022
NAND2_X4TN_A9PP84TSL_C14,0.009,0.009,0.009
INV_X10N_A9PP84TL_C14,0.012,0.012,0.012
INV_X2R_A9PP84TR_C14,0.011,0.012307692307692313,0.021
INV_X2R_A9PP84TR_C16,0.008,0.017558139534883707,0.056
BUF_X14N_A9PP84TSL_C14,0.013,0.01587490692479523,0.021
MX2_X8N_A9PP84TL_C14,0.020,0.02,0.020
NAND4_X3R_A9PP84TSL_C14,0.009,0.017307692307692316,0.028
NAND4_X3R_A9PP84TSL_C16,0.019,0.019,0.019
AOI21_X1P5N_A9PP84TL_C14,0.022,0.022,0.022
NOR2_X1F_A9PP84TR_C16,0.009,0.009,0.009
AND2_X2N_A9PP84TR_C14,0.021,0.021,0.021
BUFH_X12N_A9PP84TR_C14,0.009,0.009,0.009
AND2_X2N_A9PP84TR_C16,0.020,0.0235,0.027
BUFH_X12N_A9PP84TR_C16,0.021,0.021,0.021
INV_X1P5R_A9PP84TL_C16,0.026,0.026,0.026
PREICG_X8N_A9PP84TL_C14,0.050,0.05053333333333334,0.052
NAND2_X1F_A9PP84TR_C14,0.024,0.024,0.024
AO21A1AI2_X1P5N_A9PP84TSL_C14,0.023,0.023,0.023
INV_X24R_A9PP84TSL_C14,0.007,0.007,0.007
INV_X6F_A9PP84TL_C14,0.010,0.01,0.010
NAND2_X1F_A9PP84TR_C16,0.008,0.03870212765957448,0.079
BUFH_X6N_A9PP84TSL_C14,0.012,0.0144339752407155,0.021
INV_X8F_A9PP84TSL_C14,0.004,0.007339233038348126,0.015
NOR3_X3N_A9PP84TSL_C14,0.010,0.01,0.010
AOI211_X1N_A9PP84TSL_C14,0.015,0.018142857142857145,0.031
NAND2_X3F_A9PP84TSL_C14,0.008,0.011000000000000001,0.015
INV_X8F_A9PP84TSL_C16,0.009,0.012333333333333333,0.014
PREICG_X3N_A9PP84TL_C14,0.026,0.04530549898167015,0.089
PREICG_X3N_A9PP84TL_C16,0.029,0.0368,0.051
NAND3_X1N_A9PP84TL_C16,0.025,0.026500000000000003,0.028
INV_X12R_A9PP84TSL_C14,0.005,0.007462184873949586,0.013
PREICG_X16N_A9PP84TL_C14,0.013,0.020394329896907152,0.036
AOI22BB_X1N_A9PP84TL_C14,0.018,0.019999999999999997,0.022
MXT2_X2N_A9PP84TR_C14,0.031,0.031,0.031
PREICG_X16N_A9PP84TL_C16,0.018,0.032381294964028765,0.033
MXT2_X2N_A9PP84TR_C16,0.025,0.025500000000000002,0.026
INV_X12N_A9PP84TR_C14,0.005,0.006875,0.009
INV_X12N_A9PP84TR_C16,0.005,0.006918367346938781,0.007
XOR2_X2N_A9PP84TSL_C14,0.021,0.021,0.021
INV_X5N_A9PP84TL_C14,0.006,0.006,0.006
AOI22_X6R_A9PP84TSL_C14,0.010,0.010666666666666666,0.012
INV_X5N_A9PP84TL_C16,0.006,0.0116,0.032
INV_X6N_A9PP84TSL_C14,0.005,0.009114795918367311,0.036
BUF_X20N_A9PP84TL_C14,0.027,0.027,0.027
SDFFRPQH_X1N_A9PP84TL_C14,0.046,0.0465,0.047
NAND2_X1N_A9PP84TSL_C14,0.009,0.01664705882352941,0.090
INV_X6N_A9PP84TSL_C16,0.005,0.007,0.008
NAND2_X1N_A9PP84TSL_C16,0.024,0.0245,0.025
OAI211_X4N_A9PP84TL_C14,0.017,0.017,0.017
SDFFRPQH_X1N_A9PP84TL_C16,0.040,0.04,0.040
OAI211_X4N_A9PP84TL_C16,0.016,0.016,0.016
AOI211_X1P5N_A9PP84TL_C14,0.019,0.019,0.019
NOR2_X6R_A9PP84TSL_C14,0.014,0.014,0.014
OAI211_X1P5N_A9PP84TSL_C14,0.010,0.015782608695652182,0.022
INV_X1P5F_A9PP84TSL_C14,0.006,0.014628318584070791,0.061
INV_X1P5F_A9PP84TSL_C16,0.006,0.006,0.006
INV_X5R_A9PP84TSL_C14,0.007,0.010228070175438605,0.046
BUF_X14N_A9PP84TL_C14,0.014,0.014,0.014
INV_X5R_A9PP84TSL_C16,0.014,0.014,0.014
INV_X8F_A9PP84TR_C14,0.005,0.0058,0.007
NAND4_X4N_A9PP84TL_C16,0.022,0.022,0.022
BUF_X14N_A9PP84TL_C16,0.017,0.017003478260869582,0.019
AOI22_X6R_A9PP84TR_C14,0.013,0.0154,0.016
INV_X8F_A9PP84TR_C16,0.010,0.01,0.010
XOR2_X2TN_A9PP84TR_C14,0.010,0.012916666666666665,0.020
INV_X3F_A9PP84TR_C14,0.014,0.014,0.014
SDFFSQ_X2N_A9PP84TR_C14,0.041,0.04106666666666662,0.042
INVP_X1R_A9PP84TR_C14,0.033,0.03394117647058825,0.034
AOI22_X1R_A9PP84TR_C14,0.025,0.026500000000000003,0.028
INV_X3F_A9PP84TR_C16,0.012,0.0155,0.019
SDFFSQ_X2N_A9PP84TR_C16,0.070,0.07,0.070
AOI21_X6N_A9PP84TL_C14,0.028,0.028999999999999998,0.030
INVP_X1R_A9PP84TR_C16,0.012,0.03696296296296297,0.125
AOI22_X1R_A9PP84TR_C16,0.014,0.033166666666666664,0.047
NOR4_X2F_A9PP84TR_C14,0.021,0.021,0.021
NOR2XB_X1N_A9PP84TR_C16,0.040,0.04,0.040
SDFFXRPQ_X3N_A9PP84TSL_C14,0.015,0.014999999999999979,0.015
OAI22_X4R_A9PP84TR_C16,0.017,0.017,0.017
AO211_X1N_A9PP84TR_C16,0.031,0.031,0.031
NAND3BB_X2N_A9PP84TSL_C14,0.012,0.019731218697829445,0.026
BUF_X2N_A9PP84TL_C16,0.067,0.067,0.067
INV_X7N_A9PP84TR_C14,0.005,0.0065,0.011
INV_X7N_A9PP84TR_C16,0.006,0.03654545454545454,0.043
SDFFRPQ_X4N_A9PP84TSL_C14,0.011,0.010999999999999977,0.011
AOI21_X1N_A9PP84TL_C14,0.022,0.022,0.022
AOI21_X1N_A9PP84TL_C16,0.025,0.02925,0.034
DLY4_X4N_A9PP84TR_C16,0.048,0.08511864406779669,0.112
SDFFRPQH_X3N_A9PP84TR_C16,0.046,0.049,0.052
OAI21_X3N_A9PP84TSL_C14,0.012,0.012,0.012
INV_X2N_A9PP84TR_C14,0.008,0.029648351648351643,0.042
INV_X2N_A9PP84TR_C16,0.009,0.02184615384615385,0.034
BUF_X7N_A9PP84TSL_C14,0.013,0.016883011190233953,0.025
NOR3XXB_X2N_A9PP84TSL_C14,0.015,0.015000000000000005,0.015
INV_X10F_A9PP84TSL_C14,0.005,0.009106865284973854,0.016
BUF_X16N_A9PP84TR_C14,0.011,0.01421212121212122,0.017
NOR4_X1N_A9PP84TR_C16,0.030,0.0385,0.050
BUF_X16N_A9PP84TR_C16,0.011,0.018,0.024
OAI211_X1N_A9PP84TR_C16,0.019,0.04308333333333334,0.064
delay100x1,0.111,0.13240740740740733,0.205
SDFFQ_X2N_A9PP84TL_C16,0.031,0.031,0.031
NAND2_X2R_A9PP84TL_C14,0.008,0.008,0.008
NOR2B_X1N_A9PP84TR_C14,0.024,0.024956521739130443,0.046
INV_X20N_A9PP84TSL_C14,0.005,0.009999999999999998,0.014
NAND2_X2R_A9PP84TL_C16,0.011,0.011,0.011
NOR2B_X1N_A9PP84TR_C16,0.006,0.028166666666666652,0.044
INV_X1P5N_A9PP84TL_C16,0.021,0.06420000000000001,0.093
NAND4_X1N_A9PP84TR_C16,0.031,0.03930769230769231,0.049
SDFFXSQ_X3N_A9PP84TSL_C16,0.027,0.027176470588235305,0.030
BUFH_X3N_A9PP84TL_C14,0.010,0.01,0.010
OR2_X2N_A9PP84TR_C16,0.020,0.0322,0.042
BUF_X4N_A9PP84TR_C14,0.015,0.023805555555555566,0.037
SDFFRPQ_X1N_A9PP84TL_C14,0.037,0.03728571428571429,0.038
NOR2_X4F_A9PP84TSL_C14,0.008,0.009000000000000001,0.012
BUF_X4N_A9PP84TR_C16,0.014,0.027160000000000014,0.029
BUFH_X1N_A9PP84TSL_C14,0.023,0.025249999999999998,0.027
INV_X3F_A9PP84TSL_C14,0.007,0.010051020408163273,0.015
NAND2_X1TN_A9PP84TSL_C14,0.015,0.015,0.015
INV_X3F_A9PP84TSL_C16,0.015,0.015,0.015
AOI21_X3N_A9PP84TR_C14,0.012,0.024749999999999998,0.064
NAND3_X2R_A9PP84TSL_C14,0.009,0.009,0.009
AOI22_X2N_A9PP84TSL_C14,0.011,0.01478571428571429,0.027
PREICG_X7R_A9PP84TL_C14,0.020,0.03162666666666666,0.038
PREICG_X7R_A9PP84TL_C16,0.020,0.02,0.020
NOR2_X4R_A9PP84TR_C14,0.013,0.013,0.013
AO21B_X1N_A9PP84TSL_C14,0.009,0.015,0.020
AO21B_X1N_A9PP84TSL_C16,0.022,0.024,0.029
AOI22_X1R_A9PP84TSL_C14,0.010,0.015281250000000008,0.024
OAI21_X1N_A9PP84TR_C16,0.025,0.028333333333333335,0.033
AOI22_X2F_A9PP84TR_C14,0.016,0.0184,0.022
INV_X16R_A9PP84TR_C14,0.005,0.005333333333333333,0.006
NOR2_X2N_A9PP84TSL_C14,0.006,0.008754385964912287,0.014
PREICG_X2R_A9PP84TL_C14,0.024,0.043799999999999985,0.056
NAND2_X6R_A9PP84TSL_C14,0.006,0.011954545454545457,0.020
NAND2_X4R_A9PP84TR_C14,0.009,0.0094,0.010
PREICG_X2R_A9PP84TL_C16,0.028,0.04580769230769233,0.058
AOI21_X6N_A9PP84TSL_C14,0.009,0.018000000000000006,0.029
AOI21_X6N_A9PP84TSL_C16,0.030,0.03,0.030
BUFH_X5N_A9PP84TR_C14,0.014,0.014,0.014
AOI22_X6N_A9PP84TR_C14,0.014,0.014000000000000004,0.014
NOR2_X1R_A9PP84TSL_C14,0.007,0.009600000000000001,0.015
BUFH_X5N_A9PP84TR_C16,0.026,0.026,0.026
NOR2_X1R_A9PP84TSL_C16,0.008,0.008000000000000002,0.008
XOR2_X1N_A9PP84TR_C16,0.006,0.009382352941176475,0.015
NAND2_X1P5R_A9PP84TL_C14,0.004,0.004566343042071173,0.025
INV_X4R_A9PP84TL_C14,0.008,0.008,0.008
SDFFXRPQ_X2N_A9PP84TR_C14,0.036,0.03600000000000001,0.036
NAND2_X1P5R_A9PP84TL_C16,0.015,0.015,0.015
PREICG_X10R_A9PP84TL_C14,0.014,0.017486238532110076,0.037
INV_X4R_A9PP84TL_C16,0.006,0.006,0.006
NOR2XB_X1N_A9PP84TSL_C14,0.009,0.013363636363636371,0.017
SDFFXRPQ_X2N_A9PP84TR_C16,0.033,0.03760000000000002,0.048
PREICG_X10R_A9PP84TL_C16,0.045,0.045,0.045
NOR2XB_X1N_A9PP84TSL_C16,0.031,0.036750000000000005,0.045
SDFFRPQ_X3N_A9PP84TR_C16,0.046,0.05575000000000001,0.085
INVP_X1N_A9PP84TR_C14,0.014,0.024130434782608703,0.064
AOI22_X1N_A9PP84TR_C14,0.026,0.026,0.026
AOI22_X1N_A9PP84TR_C16,0.026,0.026,0.026
INVP_X1N_A9PP84TR_C16,0.014,0.033666666666666664,0.075
AO211_X1N_A9PP84TSL_C14,0.020,0.022699999999999994,0.027
BUFH_X14N_A9PP84TL_C14,0.011,0.011,0.011
AOI211_X1N_A9PP84TL_C14,0.027,0.027,0.027
MXT2_X4N_A9PP84TSL_C14,0.015,0.01554545454545455,0.017
AOI21B_X2N_A9PP84TSL_C14,0.013,0.02057142857142857,0.026
MXT2_X4N_A9PP84TSL_C16,0.018,0.018,0.018
INV_X10F_A9PP84TL_C14,0.004,0.004,0.004
INV_X16F_A9PP84TSL_C14,0.006,0.009911111111111117,0.012
INV_X10F_A9PP84TL_C16,0.006,0.006,0.006
AOI31_X4N_A9PP84TL_C14,0.010,0.01,0.010
NOR2_X1P5F_A9PP84TSL_C14,0.007,0.009,0.012
MXT2_X4N_A9PP84TL_C14,0.014,0.021287392325763387,0.036
NOR3_X6F_A9PP84TL_C14,0.015,0.0165,0.018
NAND4_X4R_A9PP84TSL_C14,0.009,0.0168840579710145,0.029
MXT2_X4N_A9PP84TL_C16,0.019,0.01925,0.020
BUF_X2N_A9PP84TSL_C14,0.015,0.01575,0.018
INV_X14N_A9PP84TL_C14,0.011,0.011,0.011
INV_X6R_A9PP84TR_C14,0.017,0.017,0.017
NAND2_X2N_A9PP84TL_C14,0.020,0.02,0.020
NAND2_X2N_A9PP84TL_C16,0.020,0.0205,0.021
INV_X6R_A9PP84TR_C16,0.005,0.008,0.011
OA22_X2N_A9PP84TSL_C14,0.023,0.02366666666666667,0.024
INV_X14N_A9PP84TSL_C14,0.005,0.0054696969696969725,0.014
AO21B_X2N_A9PP84TL_C14,0.015,0.020999999999999998,0.023
BUFH_X7N_A9PP84TSL_C14,0.010,0.01365952309085494,0.025
NOR3_X4N_A9PP84TSL_C14,0.011,0.011,0.011
AO21B_X2N_A9PP84TL_C16,0.015,0.0165,0.018
BUFH_X16N_A9PP84TR_C14,0.010,0.011142857142857144,0.014
AOI211_X2N_A9PP84TSL_C14,0.010,0.014190476190476194,0.019
AO21A1AI2_X2N_A9PP84TR_C16,0.023,0.023,0.023
NOR2_X4TN_A9PP84TSL_C14,0.010,0.01,0.010
NOR3_X1P5F_A9PP84TSL_C14,0.006,0.0133696369636963,0.025
AND2_X1N_A9PP84TR_C14,0.027,0.027,0.027
AND2_X1N_A9PP84TR_C16,0.015,0.023330357142857146,0.043
INV_X12F_A9PP84TR_C14,0.006,0.006888888888888889,0.010
INV_X12F_A9PP84TR_C16,0.005,0.005666666666666667,0.007
PREICG_X7N_A9PP84TL_C14,0.017,0.040074626865671585,0.053
OR3_X2N_A9PP84TSL_C14,0.028,0.028,0.028
INV_X5F_A9PP84TL_C14,0.013,0.013,0.013
PREICG_X7N_A9PP84TL_C16,0.022,0.040400000000000005,0.042
INV_X5F_A9PP84TL_C16,0.005,0.0115,0.012
DLY2_X2N_A9PP84TR_C16,0.017,0.023157894736842113,0.035
DFFRPQ_X3N_A9PP84TR_C16,0.033,0.033,0.033
MXT2_X6N_A9PP84TR_C14,0.020,0.021416666666666667,0.024
INV_X7N_A9PP84TSL_C14,0.006,0.009428571428571434,0.014
NAND2_X2N_A9PP84TSL_C14,0.009,0.01031034482758621,0.015
MXT2_X6N_A9PP84TR_C16,0.025,0.025,0.025
NAND2B_X1N_A9PP84TSL_C14,0.015,0.0162,0.017
NAND2_X2N_A9PP84TSL_C16,0.014,0.016,0.017
AOI2XB1_X2N_A9PP84TSL_C14,0.008,0.008,0.008
PREICG_X2N_A9PP84TL_C14,0.010,0.038150039277297494,0.095
AOI31_X1N_A9PP84TR_C16,0.010,0.02877777777777779,0.046
PREICG_X2N_A9PP84TL_C16,0.028,0.048329113924050676,0.083
OA21A1OI2_X1N_A9PP84TR_C14,0.045,0.045,0.045
AOI22_X1P5F_A9PP84TSL_C14,0.022,0.022,0.022
OA21A1OI2_X1N_A9PP84TR_C16,0.025,0.033,0.039
XNOR2_X4TN_A9PP84TR_C16,0.015,0.015,0.015
MXT2_X1N_A9PP84TR_C14,0.030,0.03,0.030
INV_X6R_A9PP84TSL_C14,0.004,0.006411736641221418,0.043
NAND2_X1R_A9PP84TSL_C14,0.009,0.0128421052631579,0.025
MXT2_X1N_A9PP84TR_C16,0.016,0.03523809523809525,0.045
NAND2_X1R_A9PP84TSL_C16,0.017,0.018000000000000002,0.019
AOI21_X1N_A9PP84TSL_C14,0.011,0.018560000000000007,0.036
INV_X4N_A9PP84TL_C14,0.004,0.028100000000000014,0.044
AOI21_X1N_A9PP84TSL_C16,0.020,0.02225,0.027
OAI31_X2N_A9PP84TSL_C14,0.022,0.022,0.022
INV_X4N_A9PP84TL_C16,0.007,0.007,0.007
PREICG_X10N_A9PP84TL_C14,0.020,0.02241860465116279,0.033
AO21_X1N_A9PP84TR_C16,0.009,0.02089285714285715,0.033
OAI211_X3N_A9PP84TL_C14,0.016,0.016,0.016
NAND2_X6TN_A9PP84TSL_C14,0.009,0.013500000000000007,0.016
OAI211_X3N_A9PP84TL_C16,0.016,0.016,0.016
SDFFXRPQ_X4N_A9PP84TSL_C14,0.014,0.027861702127659572,0.051
SDFFXRPQ_X4N_A9PP84TSL_C16,0.021,0.047375,0.063
NAND4_X3N_A9PP84TL_C14,0.020,0.02,0.020
MX2_X4N_A9PP84TR_C14,0.013,0.01639344262295083,0.027
INV_X7F_A9PP84TR_C14,0.008,0.008,0.008
MX2_X4N_A9PP84TR_C16,0.019,0.019,0.019
BUF_X32N_A9PP84TR_C14,0.015,0.0165,0.018
BUFH_X10N_A9PP84TSL_C14,0.009,0.013928880643166948,0.021
BUF_X32N_A9PP84TR_C16,0.016,0.0259814814814815,0.032
OAI21_X4N_A9PP84TSL_C14,0.009,0.012666666666666665,0.015
INV_X2F_A9PP84TR_C14,0.014,0.0186875,0.019
NOR3BB_X2N_A9PP84TL_C14,0.022,0.022,0.022
BUF_X8N_A9PP84TSL_C14,0.019,0.018999999999999996,0.019
NOR3_X1F_A9PP84TSL_C14,0.011,0.015333333333333332,0.023
BUF_X1N_A9PP84TL_C16,0.017,0.0793809523809524,0.102
INV_X6N_A9PP84TR_C14,0.005,0.03563414634146342,0.049
BUF_X10N_A9PP84TSL_C14,0.013,0.016181854199683144,0.020
NOR2_X6R_A9PP84TL_C14,0.019,0.019,0.019
INV_X6N_A9PP84TR_C16,0.008,0.010150000000000001,0.016
NOR2_X6R_A9PP84TL_C16,0.052,0.052,0.052
SDFFXSQ_X4N_A9PP84TSL_C14,0.038,0.0485,0.059
SDFFRPQH_X2N_A9PP84TR_C14,0.048,0.048,0.048
SDFFXSQ_X4N_A9PP84TSL_C16,0.026,0.02720792079207923,0.060
NAND3_X4N_A9PP84TSL_C14,0.008,0.010499999999999999,0.013
NAND2_X6R_A9PP84TL_C14,0.007,0.007333333333333333,0.008
MX2_X1N_A9PP84TSL_C16,0.023,0.023,0.023
INV_X20R_A9PP84TSL_C14,0.005,0.007071666666666709,0.009
BUFH_X2N_A9PP84TSL_C14,0.010,0.020015188834154648,0.031
INV_X4F_A9PP84TSL_C14,0.005,0.009566338134950546,0.015
BUFH_X2N_A9PP84TSL_C16,0.012,0.012950000000000007,0.013
BUFH_X7N_A9PP84TL_C14,0.008,0.013333333333333334,0.017
SDFFXRPQ_X4N_A9PP84TL_C14,0.030,0.03,0.030
NAND2_X1R_A9PP84TL_C16,0.018,0.018,0.018
AOI22_X3N_A9PP84TSL_C14,0.012,0.0142,0.016
SDFFXRPQ_X4N_A9PP84TL_C16,0.075,0.078,0.081
BUF_X10N_A9PP84TR_C14,0.014,0.014076923076923086,0.015
INV_X32R_A9PP84TR_C14,0.018,0.01888888888888889,0.019
AOI22_X3N_A9PP84TSL_C16,0.010,0.010166666666666666,0.011
BUF_X8N_A9PP84TR_C16,0.025,0.025,0.025
NAND2_X8N_A9PP84TSL_C14,0.015,0.015,0.015
BUFH_X2N_A9PP84TL_C14,0.030,0.030000000000000006,0.030
BUFH_X2N_A9PP84TL_C16,0.013,0.036,0.056
AO21B_X2N_A9PP84TSL_C14,0.008,0.014039473684210534,0.024
OR2_X1N_A9PP84TR_C16,0.015,0.022129629629629635,0.059
BUF_X3N_A9PP84TR_C14,0.018,0.018,0.018
AOI22_X2R_A9PP84TSL_C14,0.011,0.014476190476190481,0.027
NOR2_X3N_A9PP84TSL_C14,0.010,0.011999999999999999,0.015
BUF_X3N_A9PP84TR_C16,0.016,0.02236363636363636,0.027
INV_X2N_A9PP84TSL_C14,0.006,0.013393939393939402,0.063
INV_X2N_A9PP84TSL_C16,0.008,0.05289361702127663,0.076
AOI22_X6F_A9PP84TR_C14,0.012,0.012000000000000002,0.012
NOR2_X1TN_A9PP84TSL_C14,0.008,0.0085,0.009
DFFRPQ_X2N_A9PP84TSL_C16,0.053,0.053,0.053
NOR2_X2R_A9PP84TSL_C14,0.006,0.007500000000000004,0.013
PREICG_X6R_A9PP84TL_C14,0.026,0.053681818181818164,0.057
NOR2_X2R_A9PP84TSL_C16,0.016,0.016,0.016
NAND2_X8R_A9PP84TR_C14,0.011,0.013642857142857148,0.016
OR2_X1N_A9PP84TSL_C14,0.014,0.017375,0.019
MXT2_X0P5N_A9PP84TR_C16,0.030,0.03,0.030
NOR2XB_X2N_A9PP84TSL_C14,0.009,0.011769230769230761,0.018
NOR2_X3R_A9PP84TR_C16,0.009,0.009,0.009
AOI22_X1F_A9PP84TR_C14,0.019,0.03808333333333334,0.071
INVP_X1F_A9PP84TR_C14,0.017,0.018384615384615388,0.029
AO1B2_X1N_A9PP84TR_C16,0.007,0.03178947368421053,0.043
INVP_X1F_A9PP84TR_C16,0.005,0.03505161290322584,0.093
AOI22_X1F_A9PP84TR_C16,0.008,0.027499999999999993,0.060
AO21A1AI2_X2N_A9PP84TSL_C14,0.015,0.0155,0.016
PREICG_X1R_A9PP84TL_C14,0.015,0.015523064250411606,0.021
NAND2_X3R_A9PP84TR_C14,0.016,0.016,0.016
SDFFYRPQ2D_X2N_A9PP84TL_C16,0.030,0.0343888888888889,0.043
PREICG_X1R_A9PP84TL_C16,0.018,0.06533333333333334,0.082
AO211_X2N_A9PP84TSL_C14,0.020,0.026410256410256423,0.032
NAND2_X3R_A9PP84TR_C16,0.016,0.016,0.016
PREICG_X14R_A9PP84TL_C14,0.021,0.022000000000000002,0.024
BUFH_X4N_A9PP84TR_C14,0.012,0.017777777777777778,0.032
BUFH_X16N_A9PP84TSL_C14,0.008,0.011999999999999898,0.018
INV_X10R_A9PP84TR_C14,0.006,0.011000000000000001,0.014
XNOR2_X1N_A9PP84TR_C14,0.014,0.014,0.014
XNOR2_X2TN_A9PP84TSL_C14,0.014,0.014,0.014
XNOR2_X1N_A9PP84TR_C16,0.006,0.017206349206349215,0.041
INV_X10R_A9PP84TR_C16,0.006,0.006500000000000001,0.007
BUF_X28N_A9PP84TSL_C14,0.014,0.016219512195122007,0.020
INV_X3R_A9PP84TL_C14,0.007,0.036,0.063
SDFFXRPQ_X1N_A9PP84TR_C14,0.029,0.0642972972972973,0.099
INV_X3R_A9PP84TL_C16,0.007,0.01525,0.061
SDFFXRPQ_X1N_A9PP84TR_C16,0.024,0.08163248730964481,0.115
SDFFRPQ_X2N_A9PP84TR_C16,0.048,0.06801515151515153,0.107
NOR4_X1N_A9PP84TSL_C14,0.024,0.034666666666666665,0.042
BUF_X16N_A9PP84TSL_C14,0.011,0.014529667936853594,0.022
NOR4_X1N_A9PP84TSL_C16,0.027,0.027,0.027
NAND3_X6R_A9PP84TR_C14,0.014,0.020333333333333342,0.030
INV_X14F_A9PP84TL_C16,0.005,0.005,0.005
NAND2_X2F_A9PP84TL_C14,0.011,0.011499999999999986,0.012
NAND2_X3TN_A9PP84TSL_C14,0.011,0.011,0.011
AOI31_X3N_A9PP84TL_C14,0.020,0.02,0.020
BUFH_X8N_A9PP84TSL_C14,0.010,0.01303087885985746,0.020
OAI211_X1N_A9PP84TSL_C14,0.010,0.0195,0.023
NOR2_X1N_A9PP84TL_C14,0.019,0.019,0.019
OAI211_X1N_A9PP84TSL_C16,0.020,0.0205,0.021
AOI211_X3N_A9PP84TSL_C14,0.014,0.016,0.018
NOR2_X1N_A9PP84TL_C16,0.051,0.0535,0.056
MXT2_X3N_A9PP84TL_C16,0.019,0.019,0.019
INV_X14R_A9PP84TSL_C14,0.004,0.008062499999999998,0.014
NAND2_X1N_A9PP84TL_C14,0.022,0.023,0.024
INV_X5R_A9PP84TR_C16,0.006,0.0195,0.056
NAND2_X1N_A9PP84TL_C16,0.023,0.024333333333333335,0.025
AO21B_X1N_A9PP84TL_C14,0.008,0.008,0.008
INV_X8N_A9PP84TSL_C14,0.006,0.009902255639097735,0.016
AO22_X1N_A9PP84TSL_C14,0.016,0.019500000000000003,0.021
NAND2_X3N_A9PP84TSL_C14,0.011,0.0115,0.012
AO21A1AI2_X1N_A9PP84TR_C16,0.008,0.030135135135135153,0.050
INV_X16F_A9PP84TR_C14,0.004,0.0048000000000000004,0.005
NAND2B_X2N_A9PP84TSL_C14,0.020,0.021249999999999998,0.022
NAND2_X3N_A9PP84TSL_C16,0.017,0.017,0.017
NAND2_X4F_A9PP84TR_C14,0.014,0.014,0.014
MX2_X6N_A9PP84TL_C14,0.013,0.013,0.013
AOI211_X2N_A9PP84TR_C16,0.030,0.03,0.030
NOR2_X8R_A9PP84TSL_C14,0.033,0.033,0.033
INV_X7R_A9PP84TSL_C14,0.005,0.010446808510638256,0.015
BUFH_X10N_A9PP84TR_C14,0.009,0.012249999999999997,0.017
NAND2_X2R_A9PP84TSL_C14,0.007,0.012303571428571436,0.018
BUFH_X10N_A9PP84TR_C16,0.009,0.010142857142857143,0.013
NAND2_X2R_A9PP84TSL_C16,0.012,0.012,0.012
PREICG_X6N_A9PP84TL_C14,0.031,0.05394186046511626,0.062
AOI21_X2N_A9PP84TSL_C14,0.012,0.015428571428571427,0.018
INV_X4F_A9PP84TL_C14,0.010,0.015666666666666666,0.027
XOR2_X4TN_A9PP84TR_C14,0.015,0.015,0.015
PREICG_X6N_A9PP84TL_C16,0.036,0.03684878744650507,0.049
AOI21_X2N_A9PP84TSL_C16,0.014,0.017,0.019
AOI22_X2R_A9PP84TL_C14,0.014,0.014,0.014
OAI31_X3N_A9PP84TSL_C14,0.012,0.011999999999999823,0.012
DLY2_X1N_A9PP84TR_C16,0.014,0.029183098591549297,0.057
DFFRPQ_X2N_A9PP84TR_C16,0.071,0.07466666666666666,0.081
INV_X24N_DCAP32_A9PP84TL_C14,0.002,0.008607118851509308,0.020
NOR2XB_X2N_A9PP84TL_C16,0.012,0.012,0.012
NAND2_X3TN_A9PP84TR_C14,0.012,0.012,0.012
PREICG_X1N_A9PP84TL_C14,0.014,0.026497826086956427,0.099
NAND2_X3N_A9PP84TR_C14,0.016,0.01933333333333333,0.026
PREICG_X1N_A9PP84TL_C16,0.016,0.04363546798029564,0.082
INV_X8N_A9PP84TL_C14,0.005,0.006,0.007
AO22_X1N_A9PP84TL_C14,0.017,0.017,0.017
INV_X1P5N_A9PP84TSL_C14,0.007,0.007,0.007
NOR2B_X1N_A9PP84TSL_C14,0.017,0.020432835820895535,0.034
INV_X8N_A9PP84TL_C16,0.007,0.007,0.007
AO22_X1N_A9PP84TL_C16,0.018,0.018666666666666665,0.020
PREICG_X14N_A9PP84TL_C14,0.021,0.025619047619047625,0.031
INV_X1P5N_A9PP84TSL_C16,0.010,0.01,0.010
NOR2B_X1N_A9PP84TSL_C16,0.031,0.031,0.031
AND2_X1N_A9PP84TSL_C14,0.016,0.02878947368421052,0.045
PREICG_X14N_A9PP84TL_C16,0.025,0.030285714285714287,0.032
SDFFRPQH_X4N_A9PP84TL_C14,0.036,0.03599999999999999,0.036
AND2_X1N_A9PP84TSL_C16,0.020,0.02,0.020
SDFFRPQH_X4N_A9PP84TL_C16,0.031,0.03618181818181819,0.039
INV_X10N_A9PP84TR_C14,0.004,0.006380952380952381,0.016
INV_X24F_A9PP84TSL_C14,0.008,0.008,0.008
INV_X3N_A9PP84TL_C14,0.007,0.01,0.026
INV_X3N_A9PP84TL_C16,0.006,0.018000000000000002,0.048
MX2_X8N_A9PP84TR_C14,0.014,0.016900000000000012,0.021
NOR2_X1P5N_A9PP84TL_C16,0.115,0.11500000000000002,0.115
NAND4_X1N_A9PP84TSL_C14,0.024,0.024,0.024
NAND2XB_X2N_A9PP84TSL_C14,0.009,0.009105175292153602,0.015
INV_X12F_A9PP84TSL_C14,0.005,0.009430656934306596,0.014
INV_X12F_A9PP84TSL_C16,0.008,0.008,0.008
NOR2_X6TN_A9PP84TSL_C14,0.008,0.0135,0.025
NOR2B_X2N_A9PP84TL_C16,0.032,0.032,0.032
NAND4_X2N_A9PP84TL_C14,0.017,0.017,0.017
INV_X1P5R_A9PP84TR_C16,0.011,0.02829090909090911,0.060
NOR3_X2F_A9PP84TSL_C14,0.008,0.01444444444444445,0.016
BUF_X12N_A9PP84TL_C14,0.009,0.03145349484823117,0.042
MX2_X3N_A9PP84TR_C14,0.014,0.016,0.018
INV_X6F_A9PP84TR_C14,0.026,0.026,0.026
NAND4_X2N_A9PP84TL_C16,0.018,0.018,0.018
AOI22_X4R_A9PP84TR_C14,0.014,0.0155,0.017
OAI2XB1_X2N_A9PP84TSL_C14,0.019,0.019,0.019
AOI22_X6F_A9PP84TSL_C14,0.019,0.019,0.019
BUF_X5N_A9PP84TL_C14,0.015,0.015,0.015
MX2_X2N_A9PP84TSL_C14,0.013,0.016999999999999998,0.025
NAND3_X1N_A9PP84TR_C16,0.010,0.021500000000000002,0.033
MX2_X2N_A9PP84TSL_C16,0.013,0.015666666666666666,0.017
OAI22_X2R_A9PP84TR_C14,0.017,0.0175,0.019
INV_X10N_A9PP84TSL_C14,0.004,0.009397058823529418,0.017
AOI22BB_X1N_A9PP84TR_C16,0.009,0.018,0.027
AOI21_X4N_A9PP84TL_C16,0.046,0.046,0.046
NOR2_X6F_A9PP84TSL_C14,0.012,0.011999999999999999,0.012
INV_X10N_A9PP84TSL_C16,0.004,0.0055000000000000005,0.010
BUFH_X3N_A9PP84TSL_C14,0.017,0.022833333333333334,0.032
INV_X5F_A9PP84TSL_C14,0.006,0.011215384615384624,0.015
INV_X5F_A9PP84TSL_C16,0.006,0.006333333333333333,0.007
INV_X5N_A9PP84TR_C14,0.006,0.03316666666666667,0.045
AND4_X1N_A9PP84TR_C16,0.023,0.023333333333333334,0.024
INV_X5N_A9PP84TR_C16,0.005,0.008363636363636363,0.010
AOI22_X4N_A9PP84TSL_C14,0.012,0.012,0.012
DLY4_X2N_A9PP84TR_C16,0.041,0.05165625,0.136
BUF_X20N_A9PP84TR_C16,0.012,0.012,0.012
OAI211_X4N_A9PP84TR_C14,0.012,0.014666666666666666,0.020
SDFFRPQH_X1N_A9PP84TR_C16,0.074,0.07433333333333332,0.075
OA21_X2N_A9PP84TSL_C14,0.019,0.019000000000000097,0.019
AOI22_X3R_A9PP84TSL_C14,0.012,0.0135,0.016
NOR2_X4N_A9PP84TSL_C14,0.007,0.01,0.013
BUF_X14N_A9PP84TR_C14,0.012,0.012,0.012
BUF_X14N_A9PP84TR_C16,0.017,0.017,0.017
NAND2_X8R_A9PP84TSL_C14,0.007,0.008906976744186054,0.016
NAND2_X8TN_A9PP84TSL_C14,0.008,0.011131578947368426,0.014
INV_X3N_A9PP84TSL_C14,0.006,0.018155555555555567,0.052
BUFH_X6N_A9PP84TL_C14,0.009,0.013499999999999998,0.018
INV_X12R_A9PP84TL_C14,0.004,0.004,0.004
INV_X3N_A9PP84TSL_C16,0.006,0.006,0.006
OR3_X1N_A9PP84TL_C16,0.014,0.014,0.014
AOI2XB1_X1N_A9PP84TR_C16,0.046,0.046,0.046
SDFFXRPQ_X3N_A9PP84TL_C14,0.025,0.06666666666666667,0.089
BUF_X7N_A9PP84TR_C14,0.014,0.016666666666666666,0.020
SDFFRPQ_X4N_A9PP84TL_C14,0.033,0.033,0.033
SDFFXRPQ_X3N_A9PP84TL_C16,0.024,0.04700000000000001,0.093
NOR2_X3R_A9PP84TSL_C14,0.010,0.010499999999999999,0.011
BUF_X7N_A9PP84TR_C16,0.014,0.01575,0.018
INV_X2R_A9PP84TSL_C14,0.005,0.008400000000000006,0.012
BUFH_X1N_A9PP84TL_C14,0.008,0.013272727272727271,0.022
AOI22_X2N_A9PP84TL_C14,0.014,0.014666666666666666,0.015
AOI21_X6N_A9PP84TR_C14,0.010,0.032818181818181816,0.041
OR2_X2N_A9PP84TSL_C14,0.012,0.025750000000000006,0.027
BUFH_X1N_A9PP84TL_C16,0.008,0.010333333333333333,0.022
AOI21_X6N_A9PP84TR_C16,0.018,0.031,0.044
BUF_X2N_A9PP84TR_C14,0.018,0.018,0.018
BUF_X2N_A9PP84TR_C16,0.012,0.02466666666666667,0.050
AO21A1AI2_X3N_A9PP84TSL_C14,0.012,0.012,0.012
AOI21_X1N_A9PP84TR_C14,0.033,0.035333333333333335,0.037
AOI21_X1N_A9PP84TR_C16,0.006,0.025090909090909094,0.048
OAI21_X4N_A9PP84TR_C14,0.011,0.011333333333333334,0.012
INV_X20R_A9PP84TR_C16,0.009,0.013999999999999999,0.024
PREICG_X5R_A9PP84TL_C14,0.031,0.035,0.039
MXT2_X6N_A9PP84TSL_C14,0.013,0.015533333333333335,0.022
NAND3_X3R_A9PP84TL_C16,0.020,0.02,0.020
PREICG_X5R_A9PP84TL_C16,0.025,0.025000000000000005,0.025
MXT2_X6N_A9PP84TSL_C16,0.016,0.01625,0.017
NOR2_X2R_A9PP84TR_C16,0.011,0.011,0.011
BUFH_X8N_A9PP84TR_C14,0.010,0.011555555555555557,0.024
SDFFRPQ_X1N_A9PP84TSL_C16,0.027,0.03833333333333334,0.048
INV_X14R_A9PP84TR_C14,0.004,0.009375,0.013
XOR2_X4N_A9PP84TR_C14,0.012,0.013920000000000009,0.018
BUFH_X8N_A9PP84TR_C16,0.015,0.016812500000000008,0.017
XOR2_X4N_A9PP84TR_C16,0.014,0.014,0.014
NAND2_X2R_A9PP84TR_C14,0.019,0.019,0.019
INV_X5N_DCAP8_A9PP84TL_C14,0.004,0.017409107512480936,0.058
INV_X28N_A9PP84TSL_C14,0.008,0.008,0.008
INV_X1P5N_A9PP84TR_C16,0.011,0.032848837209302324,0.081
BUF_X4N_A9PP84TSL_C14,0.008,0.010185028993146984,0.045
BUF_X4N_A9PP84TSL_C16,0.014,0.019799999999999998,0.028
INV_X12N_DCAP16_A9PP84TL_C14,0.003,0.012310733683143841,0.031
BUFH_X3N_A9PP84TR_C14,0.018,0.028499999999999998,0.039
AOI22_X4N_A9PP84TR_C14,0.010,0.013809523809523813,0.016
BUFH_X3N_A9PP84TR_C16,0.035,0.038000000000000006,0.041
MX2_X8N_A9PP84TSL_C14,0.010,0.0218456260720413,0.022
INV_X2R_A9PP84TL_C14,0.009,0.0195,0.030
AO21A1AI2_X3N_A9PP84TL_C14,0.016,0.016,0.016
SDFFRPQ_X1N_A9PP84TR_C14,0.040,0.05615,0.113
INV_X2R_A9PP84TL_C16,0.009,0.023360000000000006,0.036
INV_X16N_A9PP84TSL_C14,0.005,0.006599999999999999,0.010
SDFFRPQ_X1N_A9PP84TR_C16,0.028,0.06457458563535906,0.113
AO1B2_X1N_A9PP84TSL_C14,0.023,0.023,0.023
INV_X16N_A9PP84TSL_C16,0.004,0.004,0.004
AOI22_X1F_A9PP84TSL_C14,0.012,0.016903225806451625,0.024
INVP_X1F_A9PP84TSL_C14,0.009,0.010853846153846151,0.014
OAI211_X2N_A9PP84TSL_C14,0.012,0.016205128205128216,0.020
NOR2_X1P5N_A9PP84TSL_C14,0.008,0.008,0.008
AO1B2_X1N_A9PP84TSL_C16,0.026,0.026,0.026
NOR3_X6N_A9PP84TSL_C14,0.014,0.014000000000000058,0.014
NOR2_X1F_A9PP84TL_C16,0.038,0.038,0.038
AOI211_X4N_A9PP84TSL_C14,0.010,0.014304347826086961,0.021
NAND2_X6F_A9PP84TSL_C14,0.016,0.017,0.018
NAND2_X6F_A9PP84TSL_C16,0.010,0.01,0.010
AND2_X2N_A9PP84TL_C14,0.014,0.016,0.018
AND2_X2N_A9PP84TL_C16,0.016,0.016,0.016
NAND2_X1F_A9PP84TL_C14,0.023,0.028,0.031
NOR2_X1F_A9PP84TSL_C14,0.006,0.011142857142857144,0.025
DFFRPQ_X4N_A9PP84TL_C14,0.058,0.058,0.058
DFFRPQ_X4N_A9PP84TL_C16,0.063,0.063,0.063
AOI31_X1N_A9PP84TSL_C14,0.024,0.025500000000000002,0.027
NOR2_X3TN_A9PP84TSL_C14,0.006,0.00753846153846154,0.009
NOR2_X3TN_A9PP84TSL_C16,0.012,0.012,0.012
AOI21_X1P5N_A9PP84TSL_C16,0.019,0.019,0.019
AO22_X2N_A9PP84TSL_C14,0.013,0.01911111111111112,0.037
NAND2_X4N_A9PP84TSL_C14,0.014,0.014,0.014
MXT2_X2N_A9PP84TL_C14,0.023,0.025857142857142856,0.028
MXT2_X2N_A9PP84TL_C16,0.027,0.029666666666666664,0.034
INV_X4R_A9PP84TR_C14,0.009,0.009,0.009
OA21A1OI2_X1N_A9PP84TSL_C14,0.017,0.017,0.017
INV_X8R_A9PP84TSL_C14,0.005,0.0063496402877696876,0.018
INV_X4R_A9PP84TR_C16,0.010,0.01,0.010
NAND2_X3R_A9PP84TSL_C14,0.007,0.009181818181818182,0.012
AO21_X2N_A9PP84TL_C14,0.010,0.01,0.010
NAND2_X3R_A9PP84TSL_C16,0.010,0.01,0.010
AOI21_X3N_A9PP84TSL_C14,0.010,0.018875000000000006,0.050
BUFH_X14N_A9PP84TR_C14,0.009,0.012083333333333335,0.015
BUFH_X14N_A9PP84TR_C16,0.020,0.02,0.020
OAI22_X2N_A9PP84TSL_C14,0.013,0.014695652173913052,0.016
NAND2_X3F_A9PP84TR_C14,0.015,0.015,0.015
OA22_X1N_A9PP84TR_C16,0.024,0.03168750000000001,0.044
INV_X8F_A9PP84TL_C14,0.006,0.006,0.006
AOI211_X1N_A9PP84TR_C16,0.007,0.03586666666666668,0.046
NOR2B_X2N_A9PP84TSL_C14,0.018,0.022858333333333317,0.027
OA21B_X1N_A9PP84TSL_C14,0.027,0.027,0.027
AND2_X2N_A9PP84TSL_C14,0.014,0.021923205342237198,0.031
INV_X10F_A9PP84TR_C14,0.006,0.008222222222222221,0.016
AND2_X2N_A9PP84TSL_C16,0.016,0.016,0.016
PREICG_X5N_A9PP84TL_C14,0.024,0.040702702702702764,0.052
PREICG_X5N_A9PP84TL_C16,0.043,0.046113207547169834,0.048
INV_X3F_A9PP84TL_C16,0.010,0.015,0.020
AOI22_X1R_A9PP84TL_C14,0.020,0.024333333333333332,0.027
INV_X1P5R_A9PP84TSL_C14,0.005,0.005666666666666667,0.006
DFFRPQ_X1N_A9PP84TR_C14,0.036,0.036,0.036
BUFH_X12N_A9PP84TSL_C14,0.011,0.013469387755102034,0.017
DFFRPQ_X1N_A9PP84TR_C16,0.033,0.05661111111111108,0.109
AOI22_X1R_A9PP84TL_C16,0.022,0.022,0.022
MXT2_X4N_A9PP84TR_C14,0.023,0.0256,0.031
OAI21_X6N_A9PP84TSL_C14,0.008,0.015946826758147525,0.017
BUF_X24N_A9PP84TSL_C14,0.011,0.01696000000000001,0.021
NOR2XB_X1N_A9PP84TL_C16,0.030,0.03,0.030
MXT2_X1N_A9PP84TSL_C14,0.018,0.028999999999999998,0.043
MXT2_X4N_A9PP84TR_C16,0.018,0.023666666666666666,0.027
MXT2_X1N_A9PP84TSL_C16,0.024,0.0268,0.032
INV_X14N_A9PP84TR_C16,0.005,0.005,0.005
NAND4_X2N_A9PP84TSL_C14,0.013,0.015983079526226743,0.017
INV_X7N_A9PP84TL_C14,0.005,0.006333333333333333,0.007
NAND2_X2N_A9PP84TR_C16,0.018,0.06899999999999999,0.120
INV_X7N_A9PP84TL_C16,0.007,0.007,0.007
SDFFXSQ_X4N_A9PP84TL_C14,0.065,0.065,0.065
BUF_X12N_A9PP84TSL_C14,0.027,0.027,0.027
SDFFXSQ_X4N_A9PP84TL_C16,0.043,0.04833333333333333,0.053
NAND4_X1R_A9PP84TSL_C14,0.012,0.013000000000000001,0.014
INV_X2N_A9PP84TL_C14,0.009,0.010666666666666666,0.013
INV_X2N_A9PP84TL_C16,0.008,0.015965517241379314,0.054
NAND3_X6N_A9PP84TSL_C14,0.020,0.02,0.020
OAI211_X1N_A9PP84TL_C14,0.025,0.026500000000000003,0.028
NAND3_X6N_A9PP84TSL_C16,0.014,0.014,0.014
OAI211_X1N_A9PP84TL_C16,0.021,0.024333333333333332,0.028
NOR2B_X1N_A9PP84TL_C14,0.019,0.020099999999999976,0.023
BUFH_X4N_A9PP84TSL_C14,0.008,0.014779505752023745,0.022
NOR2B_X1N_A9PP84TL_C16,0.034,0.034333333333333334,0.035
BUFH_X4N_A9PP84TSL_C16,0.009,0.009,0.009
INV_X6F_A9PP84TSL_C14,0.005,0.01014044943820208,0.016
NAND4_X1N_A9PP84TL_C14,0.029,0.029,0.029
NOR3_X1N_A9PP84TSL_C14,0.008,0.03975,0.061
NAND2_X1F_A9PP84TSL_C14,0.010,0.013285714285714286,0.018
NAND4_X1N_A9PP84TL_C16,0.026,0.0275,0.029
INV_X5F_A9PP84TR_C14,0.007,0.009333333333333334,0.014
MX2_X2N_A9PP84TR_C16,0.028,0.033,0.038
AOI22_X3R_A9PP84TR_C14,0.011,0.0152,0.018
INV_X5F_A9PP84TR_C16,0.024,0.03341176470588237,0.034
XNOR2_X1N_A9PP84TSL_C14,0.009,0.020500000000000008,0.025
OR2_X2N_A9PP84TL_C14,0.016,0.017802249851983462,0.030
NOR4_X4F_A9PP84TR_C14,0.028,0.028,0.028
INV_X10R_A9PP84TSL_C14,0.005,0.007117021276595583,0.015
XNOR2_X1N_A9PP84TSL_C16,0.022,0.0235,0.025
INV_X10R_A9PP84TSL_C16,0.006,0.006,0.006
BUF_X4N_A9PP84TL_C14,0.012,0.021666666666666667,0.062
OAI22_X1R_A9PP84TR_C14,0.028,0.028,0.028
AOI22_X4R_A9PP84TSL_C14,0.011,0.0118,0.013
BUF_X24N_A9PP84TR_C14,0.017,0.017,0.017
OAI22_X1R_A9PP84TR_C16,0.008,0.016333333333333335,0.032
BUF_X24N_A9PP84TR_C16,0.018,0.018,0.018
INV_X4N_A9PP84TSL_C14,0.005,0.009436363636363637,0.042
NAND2_X1P5N_A9PP84TSL_C14,0.018,0.018,0.018
INV_X4N_A9PP84TSL_C16,0.005,0.0065,0.008
INV_X4N_A9PP84TR_C14,0.006,0.009647058823529411,0.017
INV_X4N_A9PP84TR_C16,0.009,0.04263636363636363,0.046
DFFRPQ_X4N_A9PP84TSL_C14,0.033,0.048961871750432956,0.059
NOR2_X4R_A9PP84TSL_C14,0.006,0.007,0.008
OAI21_X1N_A9PP84TL_C14,0.019,0.019,0.019
DLY4_X1N_A9PP84TR_C16,0.037,0.058724770642201815,0.156
SDFFXSQ_X1N_A9PP84TR_C14,0.036,0.036,0.036
AO1B2_X2N_A9PP84TL_C14,0.023,0.023000000000000003,0.023
INV_X3R_A9PP84TSL_C14,0.006,0.00913698630136987,0.033
INV_X3R_A9PP84TSL_C16,0.024,0.024,0.024
AO1B2_X2N_A9PP84TL_C16,0.022,0.022,0.022
NAND2_X4R_A9PP84TL_C16,0.014,0.014,0.014
AO21_X1N_A9PP84TSL_C14,0.027,0.028,0.029
AO21A1AI2_X4N_A9PP84TSL_C14,0.010,0.01,0.010
AO21_X1N_A9PP84TSL_C16,0.031,0.031,0.031
BUFH_X5N_A9PP84TL_C14,0.009,0.0134,0.017
XOR2_X1N_A9PP84TL_C14,0.024,0.0275,0.031
XOR2_X1N_A9PP84TL_C16,0.005,0.012,0.019
SDFFXRPQ_X2N_A9PP84TL_C14,0.046,0.047,0.048
NOR2_X8TN_A9PP84TSL_C14,0.011,0.015937499999999997,0.030
BUF_X6N_A9PP84TR_C14,0.013,0.018285714285714287,0.027
SDFFRPQ_X3N_A9PP84TL_C14,0.035,0.035500000000000004,0.036
SDFFXRPQ_X2N_A9PP84TL_C16,0.025,0.03050000000000001,0.040
SDFFRPQ_X3N_A9PP84TL_C16,0.038,0.038,0.038
SDFFXRPQ_X1N_A9PP84TSL_C16,0.046,0.046,0.046
sdffq_x1_hd_9t_rvt,0.027,0.0341818181818182,0.055
INVP_X1N_A9PP84TL_C14,0.022,0.0244691358024691,0.048
AOI22_X1N_A9PP84TL_C14,0.018,0.01933333333333333,0.023
OAI22_X4N_A9PP84TL_C14,0.013,0.013,0.013
INV_X20F_A9PP84TSL_C14,0.011,0.011003478260869632,0.013
SDFFRPQ_X2N_A9PP84TSL_C14,0.020,0.020000000000000007,0.020
BUF_X1N_A9PP84TR_C14,0.013,0.017,0.021
SDFFRPQ_X2N_A9PP84TSL_C16,0.030,0.032,0.036
BUF_X1N_A9PP84TR_C16,0.010,0.020749999999999998,0.047
XNOR2_X1TN_A9PP84TSL_C14,0.015,0.0155,0.017
NOR4_X3N_A9PP84TSL_C14,0.019,0.019000000000000097,0.019
INV_X1P5F_A9PP84TR_C16,0.013,0.023043478260869565,0.046
OAI21_X3N_A9PP84TR_C14,0.011,0.012,0.013
AOI22_X4F_A9PP84TR_C14,0.014,0.014571428571428572,0.015
PREICG_X4R_A9PP84TL_C14,0.009,0.03014492753623189,0.067
NAND2_X6R_A9PP84TR_C14,0.007,0.007764705882352942,0.009
NOR2_X1R_A9PP84TR_C14,0.012,0.012,0.012
PREICG_X4R_A9PP84TL_C16,0.026,0.034,0.036
NAND2_X6R_A9PP84TR_C16,0.014,0.014,0.014
INV_X28R_A9PP84TSL_C14,0.010,0.012,0.014
NOR2_X1R_A9PP84TR_C16,0.007,0.023771428571428586,0.082
OR4_X1N_A9PP84TSL_C14,0.023,0.023,0.023
BUFH_X7N_A9PP84TR_C14,0.010,0.011580645161290327,0.016
AO1B2_X2N_A9PP84TSL_C14,0.012,0.016129032258064526,0.025
AOI22_X2F_A9PP84TSL_C14,0.013,0.016714285714285716,0.024
OAI211_X3N_A9PP84TSL_C14,0.017,0.017,0.017
BUFH_X7N_A9PP84TR_C16,0.010,0.013624999999999998,0.022
XOR2_X3N_A9PP84TR_C14,0.015,0.015000000000000005,0.015
AO1B2_X2N_A9PP84TSL_C16,0.016,0.016,0.016
XOR2_X3N_A9PP84TR_C16,0.018,0.0195,0.021
INV_X6R_A9PP84TL_C14,0.007,0.007,0.007
NAND2_X1R_A9PP84TR_C16,0.008,0.0178,0.026
SDFFXRPQ_X4N_A9PP84TR_C14,0.034,0.034,0.034
NAND3_X1N_A9PP84TSL_C14,0.015,0.06538461538461537,0.081
INV_X6R_A9PP84TL_C16,0.005,0.005,0.005
INV_X16R_A9PP84TSL_C14,0.005,0.00661482558139518,0.014
BUFH_X2N_A9PP84TR_C14,0.017,0.017,0.017
AOI22_X3N_A9PP84TR_C14,0.014,0.014571428571428572,0.015
NOR2_X2F_A9PP84TSL_C14,0.005,0.012894736842105273,0.023
BUFH_X2N_A9PP84TR_C16,0.013,0.047678571428571424,0.074
AOI31_X2N_A9PP84TSL_C14,0.015,0.0155,0.016
AO21A1AI2_X2N_A9PP84TL_C16,0.017,0.017,0.017
AND2_X1N_A9PP84TL_C14,0.023,0.023,0.023
AND2_X1N_A9PP84TL_C16,0.029,0.029,0.029
NAND3_X4R_A9PP84TR_C14,0.013,0.01675,0.021
NOR3BB_X1N_A9PP84TSL_C14,0.017,0.0186,0.025
NAND3_X4R_A9PP84TR_C16,0.027,0.027,0.027
NAND2_X4R_A9PP84TSL_C14,0.005,0.011500000000000002,0.017
MXT2_X6N_A9PP84TL_C14,0.016,0.0175,0.019
AOI21_X4N_A9PP84TSL_C14,0.012,0.0193,0.042
INV_X8R_A9PP84TR_C14,0.016,0.016,0.016
INV_X8R_A9PP84TR_C16,0.008,0.0085,0.009
NAND2_X4N_A9PP84TL_C16,0.013,0.013333333333333334,0.014
MXT2_X1N_A9PP84TL_C14,0.033,0.033,0.033
MXT2_X1N_A9PP84TL_C16,0.020,0.029400000000000003,0.035
INV_X3R_A9PP84TR_C14,0.012,0.0165,0.021
INV_X3R_A9PP84TR_C16,0.007,0.017,0.029
AO21A1AI2_X4N_A9PP84TR_C16,0.023,0.023,0.023
INV_X20F_A9PP84TR_C16,0.006,0.008299999999999998,0.025
AOI22_X1P5R_A9PP84TSL_C14,0.014,0.0155,0.017
NOR4BB_X1N_A9PP84TSL_C14,0.029,0.029,0.029
INV_X14F_A9PP84TR_C14,0.005,0.006624999999999999,0.012
MXT2_X2N_A9PP84TSL_C14,0.023,0.02983333333333334,0.031
INV_X14F_A9PP84TR_C16,0.005,0.0055,0.006
MXT2_X2N_A9PP84TSL_C16,0.024,0.024,0.024
NAND4_X2R_A9PP84TR_C16,0.019,0.019,0.019
MX2_X4N_A9PP84TL_C14,0.014,0.014,0.014
NAND4_X3N_A9PP84TSL_C14,0.012,0.01576470588235294,0.019
INV_X14F_A9PP84TSL_C14,0.006,0.010959798994974904,0.015
DLY2_X4N_A9PP84TR_C16,0.023,0.02778,0.040
NOR3_X4F_A9PP84TSL_C14,0.011,0.0185,0.026
INV_X24N_A9PP84TSL_C14,0.009,0.010499999999999999,0.012
PREICG_X4N_A9PP84TL_C14,0.017,0.0390472727272725,0.066
NAND4_X2R_A9PP84TSL_C14,0.009,0.015277777777777782,0.019
NAND2_X6N_A9PP84TR_C14,0.018,0.018,0.018
PREICG_X4N_A9PP84TL_C16,0.024,0.030555555555555575,0.052
AOI31_X3N_A9PP84TR_C16,0.021,0.021,0.021
INV_X2F_A9PP84TL_C16,0.008,0.011731707317073178,0.014
OA211_X2N_A9PP84TSL_C14,0.023,0.023,0.023
OA21A1OI2_X3N_A9PP84TR_C16,0.021,0.021,0.021
MXT2_X3N_A9PP84TR_C14,0.020,0.025,0.030
MXT2_X3N_A9PP84TR_C16,0.024,0.0335,0.043
MX2_X4N_A9PP84TSL_C14,0.020,0.0205,0.021
NAND2_X1N_A9PP84TR_C14,0.030,0.03,0.030
INV_X6N_A9PP84TL_C14,0.005,0.01,0.011
INV_X12N_A9PP84TSL_C14,0.008,0.010611111111111118,0.016
NAND2_X1N_A9PP84TR_C16,0.029,0.0344,0.042
NOR2_X8F_A9PP84TSL_C14,0.009,0.0095,0.010
INV_X12N_A9PP84TSL_C16,0.005,0.005,0.005
PREICG_X12N_A9PP84TL_C14,0.022,0.022,0.022
BUFH_X5N_A9PP84TSL_C14,0.008,0.01412327044025167,0.018
OAI31_X1N_A9PP84TR_C16,0.025,0.028999999999999998,0.037
INV_X7F_A9PP84TSL_C14,0.006,0.010438356164383569,0.016
NOR3_X2N_A9PP84TSL_C14,0.007,0.008684210526315789,0.011
SDFFRPQH_X2N_A9PP84TL_C14,0.039,0.039,0.039
NAND2_X2F_A9PP84TSL_C14,0.009,0.012333333333333333,0.017
NAND3_X6R_A9PP84TSL_C14,0.013,0.016,0.019
SDFFRPQH_X2N_A9PP84TL_C16,0.040,0.04,0.040
AO21B_X1N_A9PP84TR_C16,0.025,0.025,0.025
AOI22_X6N_A9PP84TSL_C14,0.009,0.012285714285714287,0.016
MX2_X6N_A9PP84TR_C14,0.015,0.018266666666666664,0.020
XOR2_X1N_A9PP84TSL_C14,0.006,0.015166666666666669,0.020
NOR2_X6N_A9PP84TSL_C14,0.011,0.011,0.011
INV_X5N_A9PP84TSL_C14,0.005,0.009750000000000003,0.018
BUF_X10N_A9PP84TL_C14,0.009,0.009,0.009
INV_X4F_A9PP84TR_C14,0.008,0.0112,0.014
OAI2XB1_X1N_A9PP84TR_C16,0.035,0.035,0.035
AOI22_X2R_A9PP84TR_C14,0.017,0.017,0.017
NOR2XB_X2N_A9PP84TR_C14,0.032,0.032,0.032
NOR2XB_X2N_A9PP84TR_C16,0.021,0.028,0.033
BUF_X28N_A9PP84TR_C14,0.014,0.014,0.014
MXIT2_X1N_A9PP84TR_C16,0.019,0.019,0.019
OAI21B_X1N_A9PP84TR_C16,0.013,0.013,0.013
INV_X4R_A9PP84TSL_C14,0.005,0.009879310344827584,0.015
NAND2_X1P5R_A9PP84TSL_C14,0.009,0.009,0.009
NAND2_X1P5R_A9PP84TSL_C16,0.013,0.013,0.013
INV_X4R_A9PP84TSL_C16,0.010,0.018,0.026
INV_X8N_A9PP84TR_C14,0.005,0.006500000000000002,0.011
AO22_X1N_A9PP84TR_C16,0.013,0.025739130434782622,0.031
INV_X8N_A9PP84TR_C16,0.005,0.005,0.005
XOR2_X1TN_A9PP84TR_C14,0.015,0.0155,0.016
AO21_X2N_A9PP84TSL_C14,0.017,0.020000000000000004,0.023
SDFFRPQH_X4N_A9PP84TR_C14,0.040,0.042923076923076925,0.045
SDFFRPQH_X4N_A9PP84TR_C16,0.045,0.047799999999999995,0.055
INV_X3N_A9PP84TR_C14,0.006,0.012303370786516863,0.032
NAND2_X8R_A9PP84TL_C14,0.011,0.011428571428571427,0.012
INV_X3N_A9PP84TR_C16,0.008,0.01575,0.036
SDFFXRPQ_X2N_A9PP84TSL_C14,0.020,0.02078000000000001,0.045
SDFFXRPQ_X2N_A9PP84TSL_C16,0.026,0.0315,0.048
BUF_X32N_A9PP84TSL_C14,0.014,0.016783783783783795,0.020
AOI22_X1F_A9PP84TL_C14,0.018,0.020499999999999997,0.023
AO1B2_X1N_A9PP84TL_C16,0.024,0.024,0.024
BUF_X12N_A9PP84TR_C14,0.015,0.0177,0.020
SDFFRPQ_X3N_A9PP84TSL_C16,0.033,0.033,0.033
BUF_X12N_A9PP84TR_C16,0.013,0.015,0.017
BUFH_X4N_A9PP84TL_C14,0.010,0.015857142857142858,0.018
OAI21_X2N_A9PP84TSL_C14,0.012,0.014421052631578954,0.019
XNOR2_X1N_A9PP84TL_C14,0.026,0.026,0.026
BUF_X20N_A9PP84TSL_C14,0.013,0.016111111111111118,0.018
NAND3_X1P5R_A9PP84TSL_C16,0.023,0.023,0.023
INV_X10R_A9PP84TL_C16,0.004,0.004,0.004
XNOR2_X1N_A9PP84TL_C16,0.022,0.024,0.026
BUF_X6N_A9PP84TSL_C14,0.018,0.018,0.018
SDFFXRPQ_X1N_A9PP84TL_C14,0.030,0.0788,0.085
BUF_X5N_A9PP84TR_C14,0.011,0.020999999999999998,0.026
NAND4XXXB_X1N_A9PP84TR_C16,0.046,0.04675,0.048
SDFFRPQ_X2N_A9PP84TL_C14,0.036,0.036,0.036
SDFFXRPQ_X1N_A9PP84TL_C16,0.050,0.05,0.050
INV_X28R_A9PP84TR_C14,0.004,0.004,0.004
BUF_X5N_A9PP84TR_C16,0.015,0.015000000000000008,0.015
SDFFRPQ_X2N_A9PP84TL_C16,0.064,0.064,0.064
MXGL2_X2N_A9PP84TL_C16,0.014,0.019374999999999958,0.029
AOI21_X4N_A9PP84TR_C14,0.011,0.011999999999999999,0.018
AOI21_X4N_A9PP84TR_C16,0.021,0.04257142857142857,0.054
OAI22_X3N_A9PP84TL_C14,0.014,0.014,0.014
AOI22_X3F_A9PP84TSL_C14,0.014,0.014,0.014
OAI211_X4N_A9PP84TSL_C14,0.013,0.016125,0.019
NAND3_X6R_A9PP84TL_C14,0.012,0.012,0.012
NAND3_X2N_A9PP84TSL_C14,0.019,0.02090909090909091,0.024
OAI21_X2N_A9PP84TR_C14,0.037,0.037,0.037
AOI22_X3F_A9PP84TR_C14,0.013,0.013,0.013
NOR2_X3F_A9PP84TSL_C14,0.006,0.010268292682926835,0.012
AOI22_X3F_A9PP84TR_C16,0.020,0.02,0.020
PREICG_X3R_A9PP84TL_C14,0.032,0.040290322580645174,0.054
INV_X2F_A9PP84TSL_C14,0.005,0.025303738317757018,0.049
NAND4_X1P5R_A9PP84TSL_C14,0.010,0.01594736842105263,0.024
AOI31_X3N_A9PP84TSL_C14,0.012,0.012,0.012
PREICG_X3R_A9PP84TL_C16,0.036,0.0505,0.057
INV_X2F_A9PP84TSL_C16,0.007,0.007,0.007
PREICG_X16R_A9PP84TL_C14,0.014,0.02159596510359968,0.032
AOI211_X1P5N_A9PP84TSL_C14,0.010,0.013571428571428571,0.022
PREICG_X16R_A9PP84TL_C16,0.030,0.030000000000000016,0.030
AOI22_X1N_A9PP84TSL_C14,0.011,0.01636666666666668,0.022
BUFH_X6N_A9PP84TR_C14,0.010,0.01,0.010
INV_X12R_A9PP84TR_C14,0.005,0.006500000000000001,0.008
BUFH_X6N_A9PP84TR_C16,0.013,0.013,0.013
INVP_X1N_A9PP84TSL_C16,0.031,0.031,0.031
NAND2_X6N_A9PP84TSL_C14,0.009,0.01309090909090909,0.018
INV_X12R_A9PP84TR_C16,0.006,0.009,0.011
INV_X5R_A9PP84TL_C14,0.006,0.007,0.008
OAI22_X1F_A9PP84TR_C16,0.008,0.013944444444444445,0.033
INV_X5R_A9PP84TL_C16,0.006,0.010400000000000001,0.016
SDFFXRPQ_X3N_A9PP84TR_C16,0.029,0.05983333333333332,0.079
NOR2_X2TN_A9PP84TSL_C14,0.005,0.0055,0.006
NOR3BB_X2N_A9PP84TSL_C14,0.017,0.02125,0.029
BUFH_X1N_A9PP84TR_C14,0.010,0.01675,0.031
OA21A1OI2_X3N_A9PP84TSL_C14,0.014,0.014,0.014
NOR2_X1N_A9PP84TSL_C14,0.009,0.0118,0.021
BUFH_X1N_A9PP84TR_C16,0.009,0.025361581920903903,0.070
NOR2_X1N_A9PP84TSL_C16,0.007,0.007,0.007
OA21A1OI2_X3N_A9PP84TSL_C16,0.009,0.012888888888888898,0.014
AO21A1AI2_X1N_A9PP84TL_C16,0.023,0.0265,0.030
AOI211_X2N_A9PP84TL_C14,0.019,0.019,0.019
OAI22_X4N_A9PP84TSL_C16,0.011,0.011,0.011
BUFH_X10N_A9PP84TL_C14,0.009,0.009,0.009
